Model,Precision,Recall,F1 Score
convnet (train),0.7340823970037453,0.8200836820083682,0.7747035573122529
convnet (test),0.74,0.7115384615384616,0.7254901960784313
resnet (train),1.0,1.0,1.0
resnet (test),0.8409090909090909,0.7115384615384616,0.7708333333333334
densenet (train),0.7786561264822134,0.8242677824267782,0.8008130081300813
densenet (test),0.7555555555555555,0.6538461538461539,0.7010309278350515
