{
    "train": {
        "loss": [
            15.860632598400116,
            14.46366685628891,
            14.703991413116455,
            14.050650477409363,
            14.150088489055634,
            13.502314448356628,
            13.702197045087814,
            13.419253826141357,
            13.874729722738266,
            13.31108832359314
        ],
        "prec": [
            0.6366366366366366,
            0.6750788643533123,
            0.698051948051948,
            0.7408759124087592,
            0.7204301075268817,
            0.6901840490797546,
            0.7453874538745388,
            0.7353951890034365,
            0.7402135231316725,
            0.735593220338983
        ],
        "rec": [
            0.8870292887029289,
            0.895397489539749,
            0.899581589958159,
            0.8493723849372385,
            0.8410041841004184,
            0.9414225941422594,
            0.8451882845188284,
            0.895397489539749,
            0.8702928870292888,
            0.9079497907949791
        ],
        "f1": [
            0.7412587412587412,
            0.7697841726618705,
            0.7861060329067642,
            0.7914230019493177,
            0.7760617760617761,
            0.7964601769911505,
            0.792156862745098,
            0.8075471698113208,
            0.8,
            0.8127340823970037
        ]
    },
    "val": {
        "loss": [
            3.4368376433849335,
            3.0846802294254303,
            3.0438068211078644,
            2.9995193481445312,
            3.3005496114492416,
            3.0505388975143433,
            3.8433642387390137,
            3.4517108350992203,
            3.309676378965378,
            3.1755250692367554
        ],
        "prec": [
            0.6375,
            0.6619718309859155,
            0.6461538461538462,
            0.7924528301886793,
            0.6493506493506493,
            0.6857142857142857,
            0.9444444444444444,
            0.6447368421052632,
            0.6447368421052632,
            0.6666666666666666
        ],
        "rec": [
            1.0,
            0.9215686274509803,
            0.8235294117647058,
            0.8235294117647058,
            0.9803921568627451,
            0.9411764705882353,
            0.3333333333333333,
            0.9607843137254902,
            0.9607843137254902,
            0.9019607843137255
        ],
        "f1": [
            0.7786259541984732,
            0.7704918032786885,
            0.7241379310344828,
            0.8076923076923077,
            0.78125,
            0.7933884297520661,
            0.4927536231884058,
            0.7716535433070866,
            0.7716535433070866,
            0.7666666666666667
        ]
    },
    "time": 104.68995904922485
}