{
    "train": {
        "loss": [
            20.428743541240692,
            18.905946373939514,
            18.674795925617218,
            17.926280736923218,
            17.81307926774025,
            17.29012241959572,
            16.76492753624916,
            16.501197785139084,
            16.594512164592743,
            15.93764254450798
        ],
        "prec": [
            0.5601374570446735,
            0.6751269035532995,
            0.6732673267326733,
            0.6938775510204082,
            0.6936936936936937,
            0.7180616740088106,
            0.7111111111111111,
            0.7330508474576272,
            0.7681818181818182,
            0.7238805970149254
        ],
        "rec": [
            0.6820083682008368,
            0.5564853556485355,
            0.5690376569037657,
            0.7112970711297071,
            0.6443514644351465,
            0.6820083682008368,
            0.6694560669456067,
            0.7238493723849372,
            0.7071129707112971,
            0.8117154811715481
        ],
        "f1": [
            0.6150943396226415,
            0.6100917431192661,
            0.6167800453514739,
            0.7024793388429752,
            0.6681127982646421,
            0.6995708154506438,
            0.6896551724137931,
            0.728421052631579,
            0.7363834422657952,
            0.7652859960552268
        ]
    },
    "val": {
        "loss": [
            3.642053008079529,
            6.358574539422989,
            3.160256564617157,
            3.3956254720687866,
            11.263635650277138,
            5.340889871120453,
            4.480360329151154,
            3.023696541786194,
            4.640594020485878,
            3.1644380688667297
        ],
        "prec": [
            0.7073170731707317,
            1.0,
            0.7,
            0.6493506493506493,
            0,
            0.75,
            0.9090909090909091,
            0.8222222222222222,
            1.0,
            0.7307692307692307
        ],
        "rec": [
            0.5686274509803921,
            0.0196078431372549,
            0.6862745098039216,
            0.9803921568627451,
            0.0,
            0.11764705882352941,
            0.19607843137254902,
            0.7254901960784313,
            0.13725490196078433,
            0.7450980392156863
        ],
        "f1": [
            0.6304347826086957,
            0.038461538461538464,
            0.693069306930693,
            0.78125,
            0.0,
            0.2033898305084746,
            0.3225806451612903,
            0.7708333333333334,
            0.2413793103448276,
            0.7378640776699029
        ]
    },
    "time": 114.56265926361084
}