{
    "train": {
        "loss": [
            15.927155822515488,
            14.370989382266998,
            13.142672598361969,
            13.333977907896042,
            12.73499047756195,
            12.78964278101921,
            12.386225908994675,
            12.912448704242706,
            11.880250424146652,
            12.506504446268082
        ],
        "prec": [
            0.6538461538461539,
            0.6973684210526315,
            0.7446808510638298,
            0.7092651757188498,
            0.7765151515151515,
            0.7244897959183674,
            0.7446043165467626,
            0.774074074074074,
            0.7777777777777778,
            0.7622377622377622
        ],
        "rec": [
            0.9246861924686193,
            0.8870292887029289,
            0.8786610878661087,
            0.9288702928870293,
            0.8577405857740585,
            0.891213389121339,
            0.8661087866108786,
            0.8744769874476988,
            0.8493723849372385,
            0.9121338912133892
        ],
        "f1": [
            0.7660311958405546,
            0.7808471454880295,
            0.8061420345489443,
            0.8043478260869565,
            0.8151093439363817,
            0.799249530956848,
            0.8007736943907157,
            0.8212180746561886,
            0.812,
            0.8304761904761905
        ]
    },
    "val": {
        "loss": [
            3.638308361172676,
            5.6840447299182415,
            6.619628993794322,
            5.776838410645723,
            5.077303294092417,
            2.8975179493427277,
            3.0230879187583923,
            3.1088152825832367,
            3.108441561460495,
            3.1148014068603516
        ],
        "prec": [
            0.6375,
            0.6375,
            0.6375,
            0.6375,
            0.6375,
            0.7014925373134329,
            0.7142857142857143,
            0.6935483870967742,
            0.7076923076923077,
            0.7142857142857143
        ],
        "rec": [
            1.0,
            1.0,
            1.0,
            1.0,
            1.0,
            0.9215686274509803,
            0.8823529411764706,
            0.8431372549019608,
            0.9019607843137255,
            0.7843137254901961
        ],
        "f1": [
            0.7786259541984732,
            0.7786259541984732,
            0.7786259541984732,
            0.7786259541984732,
            0.7786259541984732,
            0.7966101694915254,
            0.7894736842105263,
            0.7610619469026548,
            0.7931034482758621,
            0.7476635514018691
        ]
    },
    "time": 1155.1670274734497
}