{
    "train": {
        "loss": [
            20.39629304409027,
            18.707755863666534,
            18.49156779050827,
            18.149518609046936,
            17.93197539448738,
            17.594401985406876,
            18.406434893608093,
            17.625812381505966,
            16.9570272564888,
            17.514429807662964
        ],
        "prec": [
            0.5708502024291497,
            0.6854460093896714,
            0.6615384615384615,
            0.6724137931034483,
            0.6790123456790124,
            0.7162162162162162,
            0.6468401486988847,
            0.6781115879828327,
            0.7316017316017316,
            0.7130434782608696
        ],
        "rec": [
            0.5899581589958159,
            0.6108786610878661,
            0.7196652719665272,
            0.6527196652719666,
            0.6903765690376569,
            0.6652719665271967,
            0.7280334728033473,
            0.6610878661087866,
            0.7071129707112971,
            0.6861924686192469
        ],
        "f1": [
            0.5802469135802469,
            0.6460176991150443,
            0.6893787575150301,
            0.6624203821656051,
            0.6846473029045643,
            0.6898047722342733,
            0.6850393700787402,
            0.6694915254237288,
            0.7191489361702128,
            0.6993603411513859
        ]
    },
    "val": {
        "loss": [
            3.5333189517259598,
            4.053720414638519,
            4.1199661791324615,
            3.9370087385177612,
            3.2776591777801514,
            3.289048492908478,
            3.271570146083832,
            3.221841663122177,
            3.508669137954712,
            3.42697936296463
        ],
        "prec": [
            0.6375,
            0.6375,
            0.6375,
            0.6375,
            0.6470588235294118,
            0.6727272727272727,
            0.6727272727272727,
            0.6349206349206349,
            0.7428571428571429,
            0.7567567567567568
        ],
        "rec": [
            1.0,
            1.0,
            1.0,
            1.0,
            0.6470588235294118,
            0.7254901960784313,
            0.7254901960784313,
            0.7843137254901961,
            0.5098039215686274,
            0.5490196078431373
        ],
        "f1": [
            0.7786259541984732,
            0.7786259541984732,
            0.7786259541984732,
            0.7786259541984732,
            0.6470588235294118,
            0.6981132075471698,
            0.6981132075471698,
            0.7017543859649122,
            0.6046511627906976,
            0.6363636363636364
        ]
    },
    "time": 432.1166512966156
}