{
    "train": {
        "loss": [
            19.8231663107872,
            17.79871839284897,
            17.142494082450867,
            16.76978975534439,
            16.087791711091995,
            16.443578332662582,
            16.18066108226776,
            15.507971972227097,
            15.726049929857254,
            15.403340518474579
        ],
        "prec": [
            0.591304347826087,
            0.7094017094017094,
            0.6972111553784861,
            0.6917293233082706,
            0.7405857740585774,
            0.7381974248927039,
            0.7018867924528301,
            0.7659574468085106,
            0.7662337662337663,
            0.7563025210084033
        ],
        "rec": [
            0.5690376569037657,
            0.694560669456067,
            0.7322175732217573,
            0.7698744769874477,
            0.7405857740585774,
            0.7196652719665272,
            0.7782426778242678,
            0.7531380753138075,
            0.7405857740585774,
            0.7531380753138075
        ],
        "f1": [
            0.579957356076759,
            0.7019027484143763,
            0.7142857142857143,
            0.7287128712871287,
            0.7405857740585774,
            0.7288135593220338,
            0.7380952380952381,
            0.759493670886076,
            0.7531914893617021,
            0.7547169811320755
        ]
    },
    "val": {
        "loss": [
            3.84110327064991,
            5.389015398919582,
            5.133887141942978,
            4.133689135313034,
            3.0894355475902557,
            3.6744677424430847,
            3.4482052326202393,
            3.404596209526062,
            3.5199525356292725,
            3.4596294164657593
        ],
        "prec": [
            0.6375,
            0.6375,
            0.6375,
            0.6375,
            0.6842105263157895,
            0.75,
            0.7380952380952381,
            0.75,
            0.7391304347826086,
            0.7391304347826086
        ],
        "rec": [
            1.0,
            1.0,
            1.0,
            1.0,
            0.7647058823529411,
            0.47058823529411764,
            0.6078431372549019,
            0.6470588235294118,
            0.6666666666666666,
            0.6666666666666666
        ],
        "f1": [
            0.7786259541984732,
            0.7786259541984732,
            0.7786259541984732,
            0.7786259541984732,
            0.7222222222222222,
            0.5783132530120482,
            0.6666666666666666,
            0.6947368421052632,
            0.7010309278350515,
            0.7010309278350515
        ]
    },
    "time": 464.2681074142456
}