{
    "train": {
        "loss": [
            20.632615983486176,
            20.349727630615234,
            20.118293941020966,
            19.93754142522812,
            19.767399787902832,
            19.589422583580017,
            19.537161648273468,
            19.537930965423584,
            19.1750670671463,
            19.159379839897156
        ],
        "prec": [
            0.5566037735849056,
            0.5935251798561151,
            0.6022727272727273,
            0.5940959409594095,
            0.6221374045801527,
            0.6221374045801527,
            0.6078431372549019,
            0.6085271317829457,
            0.6666666666666666,
            0.6345381526104418
        ],
        "rec": [
            0.7405857740585774,
            0.6903765690376569,
            0.6652719665271967,
            0.6736401673640168,
            0.6820083682008368,
            0.6820083682008368,
            0.6485355648535565,
            0.6569037656903766,
            0.6778242677824268,
            0.6610878661087866
        ],
        "f1": [
            0.6355475763016158,
            0.6382978723404256,
            0.6322067594433399,
            0.6313725490196078,
            0.6506986027944112,
            0.6506986027944112,
            0.6275303643724697,
            0.6317907444668008,
            0.6721991701244814,
            0.6475409836065574
        ]
    },
    "val": {
        "loss": [
            3.3349812626838684,
            3.2829390466213226,
            3.2748990952968597,
            3.3183737993240356,
            3.2142414450645447,
            3.174197733402252,
            3.151796519756317,
            3.149506449699402,
            3.154259502887726,
            3.1563815474510193
        ],
        "prec": [
            0.6375,
            0.6375,
            0.6375,
            0.6375,
            0.6612903225806451,
            0.6981132075471698,
            0.72,
            0.6981132075471698,
            0.72,
            0.7115384615384616
        ],
        "rec": [
            1.0,
            1.0,
            1.0,
            1.0,
            0.803921568627451,
            0.7254901960784313,
            0.7058823529411765,
            0.7254901960784313,
            0.7058823529411765,
            0.7254901960784313
        ],
        "f1": [
            0.7786259541984732,
            0.7786259541984732,
            0.7786259541984732,
            0.7786259541984732,
            0.7256637168141593,
            0.7115384615384616,
            0.7128712871287128,
            0.7115384615384616,
            0.7128712871287128,
            0.7184466019417476
        ]
    },
    "time": 636.3247742652893
}