{
    "train": {
        "loss": [
            19.250471711158752,
            16.284791827201843,
            14.764553248882294,
            13.323022842407227,
            12.801931977272034,
            12.995462581515312,
            12.498887598514557,
            11.696071445941925,
            11.525005266070366,
            10.75252215564251
        ],
        "prec": [
            0.6083916083916084,
            0.7708333333333334,
            0.7773279352226721,
            0.788235294117647,
            0.8278688524590164,
            0.8127490039840638,
            0.8024691358024691,
            0.8,
            0.853448275862069,
            0.8841201716738197
        ],
        "rec": [
            0.7280334728033473,
            0.7740585774058577,
            0.803347280334728,
            0.8410041841004184,
            0.8451882845188284,
            0.8535564853556485,
            0.8158995815899581,
            0.8870292887029289,
            0.8284518828451883,
            0.8619246861924686
        ],
        "f1": [
            0.6628571428571428,
            0.7724425887265136,
            0.7901234567901234,
            0.8137651821862348,
            0.8364389233954451,
            0.8326530612244898,
            0.8091286307053942,
            0.8412698412698413,
            0.8407643312101911,
            0.8728813559322034
        ]
    },
    "val": {
        "loss": [
            3.2835471630096436,
            3.0993191301822662,
            2.948735326528549,
            3.0078775584697723,
            3.0072600841522217,
            3.016063779592514,
            3.0628605484962463,
            3.0230178236961365,
            3.037901133298874,
            3.045610874891281
        ],
        "prec": [
            0.6610169491525424,
            0.6666666666666666,
            0.7096774193548387,
            0.7272727272727273,
            0.7241379310344828,
            0.7076923076923077,
            0.7166666666666667,
            0.7049180327868853,
            0.7166666666666667,
            0.7166666666666667
        ],
        "rec": [
            0.7647058823529411,
            0.9019607843137255,
            0.8627450980392157,
            0.7843137254901961,
            0.8235294117647058,
            0.9019607843137255,
            0.8431372549019608,
            0.8431372549019608,
            0.8431372549019608,
            0.8431372549019608
        ],
        "f1": [
            0.7090909090909091,
            0.7666666666666667,
            0.7787610619469026,
            0.7547169811320755,
            0.7706422018348624,
            0.7931034482758621,
            0.7747747747747747,
            0.7678571428571429,
            0.7747747747747747,
            0.7747747747747747
        ]
    },
    "time": 385.46863174438477
}