{
    "train": {
        "loss": [
            217.43982136249542,
            23.447335213422775,
            20.62198978662491,
            20.327430427074432,
            19.90936541557312,
            20.483762741088867,
            20.427898168563843,
            21.110484898090363,
            19.865681409835815,
            19.15923011302948
        ],
        "prec": [
            0.47391304347826085,
            0.5441176470588235,
            0.5652173913043478,
            0.5888324873096447,
            0.5935251798561151,
            0.5971563981042654,
            0.5702479338842975,
            0.5894308943089431,
            0.5789473684210527,
            0.6352941176470588
        ],
        "rec": [
            0.4560669456066946,
            0.46443514644351463,
            0.5983263598326359,
            0.48535564853556484,
            0.6903765690376569,
            0.5271966527196653,
            0.5774058577405857,
            0.606694560669456,
            0.5062761506276151,
            0.6778242677824268
        ],
        "f1": [
            0.464818763326226,
            0.5011286681715575,
            0.5813008130081301,
            0.5321100917431193,
            0.6382978723404256,
            0.56,
            0.5738045738045738,
            0.5979381443298969,
            0.5401785714285714,
            0.6558704453441295
        ]
    },
    "val": {
        "loss": [
            6.4229947328567505,
            3.3983269333839417,
            3.72590970993042,
            3.5886180996894836,
            3.4695802330970764,
            3.4177136421203613,
            3.412549674510956,
            3.5814627408981323,
            3.3781416416168213,
            3.4058462381362915
        ],
        "prec": [
            0,
            0.6538461538461539,
            0.7272727272727273,
            0.7,
            0.6410256410256411,
            0.6376811594202898,
            0.6440677966101694,
            0.5714285714285714,
            0.671875,
            0.6538461538461539
        ],
        "rec": [
            0.0,
            1.0,
            0.1568627450980392,
            0.13725490196078433,
            0.49019607843137253,
            0.8627450980392157,
            0.7450980392156863,
            0.0784313725490196,
            0.8431372549019608,
            0.6666666666666666
        ],
        "f1": [
            0.0,
            0.7906976744186046,
            0.25806451612903225,
            0.22950819672131148,
            0.5555555555555556,
            0.7333333333333333,
            0.6909090909090909,
            0.13793103448275862,
            0.7478260869565218,
            0.6601941747572816
        ]
    },
    "time": 361.3151342868805
}