{
    "train": {
        "loss": [
            206.28775876760483,
            17.01552325487137,
            15.466939926147461,
            14.631451338529587,
            14.831733614206314,
            14.170917630195618,
            13.568115592002869,
            13.624137938022614,
            12.684798240661621,
            13.987373262643814
        ],
        "prec": [
            0.6497890295358649,
            0.6267605633802817,
            0.6858974358974359,
            0.7246963562753036,
            0.6967509025270758,
            0.751937984496124,
            0.7453183520599251,
            0.7306273062730627,
            0.7829457364341085,
            0.7335766423357665
        ],
        "rec": [
            0.6443514644351465,
            0.7447698744769874,
            0.895397489539749,
            0.7489539748953975,
            0.8075313807531381,
            0.8117154811715481,
            0.8326359832635983,
            0.8284518828451883,
            0.8451882845188284,
            0.8410041841004184
        ],
        "f1": [
            0.6470588235294118,
            0.6806883365200764,
            0.7767695099818511,
            0.7366255144032922,
            0.748062015503876,
            0.7806841046277666,
            0.7865612648221344,
            0.7764705882352941,
            0.8128772635814889,
            0.783625730994152
        ]
    },
    "val": {
        "loss": [
            4.383269637823105,
            3.64102503657341,
            3.5737163424491882,
            3.4510636627674103,
            3.3551144003868103,
            3.5586659610271454,
            3.517813354730606,
            3.334627866744995,
            3.709831327199936,
            3.2128254771232605
        ],
        "prec": [
            0.6375,
            0.6375,
            0.6428571428571429,
            0.6351351351351351,
            0.7192982456140351,
            0.6428571428571429,
            0.6716417910447762,
            0.7254901960784313,
            0.7058823529411765,
            0.6764705882352942
        ],
        "rec": [
            1.0,
            1.0,
            0.35294117647058826,
            0.9215686274509803,
            0.803921568627451,
            0.8823529411764706,
            0.8823529411764706,
            0.7254901960784313,
            0.47058823529411764,
            0.9019607843137255
        ],
        "f1": [
            0.7786259541984732,
            0.7786259541984732,
            0.45569620253164556,
            0.752,
            0.7592592592592593,
            0.743801652892562,
            0.7627118644067796,
            0.7254901960784313,
            0.5647058823529412,
            0.773109243697479
        ]
    },
    "time": 293.959543466568
}