{
    "train": {
        "loss": [
            17.73777449131012,
            7.760688446462154,
            4.616322077810764,
            1.3784322552382946,
            0.4130944914650172,
            0.20266313187312335,
            0.661163522861898,
            2.569860676769167,
            4.54767423402518,
            2.0053636336233467
        ],
        "prec": [
            0.7401574803149606,
            0.9388646288209607,
            0.916,
            0.9915254237288136,
            1.0,
            1.0,
            1.0,
            0.966804979253112,
            0.9458333333333333,
            0.9789029535864979
        ],
        "rec": [
            0.7866108786610879,
            0.899581589958159,
            0.9581589958158996,
            0.9790794979079498,
            1.0,
            1.0,
            0.9832635983263598,
            0.9748953974895398,
            0.9497907949790795,
            0.9707112970711297
        ],
        "f1": [
            0.7626774847870182,
            0.9188034188034188,
            0.9366053169734151,
            0.9852631578947368,
            1.0,
            1.0,
            0.9915611814345991,
            0.9708333333333333,
            0.9478079331941545,
            0.9747899159663865
        ]
    },
    "val": {
        "loss": [
            6.852423737756908,
            3.8032727390527725,
            5.125504419207573,
            2.5290292501449585,
            3.9423115253448486,
            3.3317427784204483,
            3.404283285140991,
            4.87224817276001,
            3.942906469106674,
            3.249156564474106
        ],
        "prec": [
            0.6375,
            0.6857142857142857,
            0.9230769230769231,
            0.8163265306122449,
            0.8333333333333334,
            0.7741935483870968,
            0.84,
            0.8297872340425532,
            0.8,
            0.8
        ],
        "rec": [
            1.0,
            0.9411764705882353,
            0.47058823529411764,
            0.7843137254901961,
            0.7843137254901961,
            0.9411764705882353,
            0.8235294117647058,
            0.7647058823529411,
            0.7058823529411765,
            0.8627450980392157
        ],
        "f1": [
            0.7786259541984732,
            0.7933884297520661,
            0.6233766233766234,
            0.8,
            0.8080808080808081,
            0.8495575221238938,
            0.8316831683168316,
            0.7959183673469388,
            0.75,
            0.8301886792452831
        ]
    },
    "time": 142.72749876976013
}