{
    "train": {
        "loss": [
            20.390248656272888,
            6.766528502106667,
            2.461750252172351,
            1.3286473718471825,
            0.5919193681329489,
            0.4113149024778977,
            0.5735834018560126,
            2.7918691427912563,
            4.139322175644338,
            3.2054188810288906
        ],
        "prec": [
            0.7106382978723405,
            0.8924302788844621,
            0.975103734439834,
            0.9831223628691983,
            0.9957983193277311,
            1.0,
            0.9835390946502057,
            0.9666666666666667,
            0.95,
            0.9621848739495799
        ],
        "rec": [
            0.698744769874477,
            0.9372384937238494,
            0.9832635983263598,
            0.9748953974895398,
            0.9916317991631799,
            0.99581589958159,
            1.0,
            0.9707112970711297,
            0.9539748953974896,
            0.9581589958158996
        ],
        "f1": [
            0.7046413502109705,
            0.9142857142857143,
            0.9791666666666666,
            0.9789915966386554,
            0.9937106918238994,
            0.9979035639412998,
            0.991701244813278,
            0.9686847599164927,
            0.9519832985386222,
            0.960167714884696
        ]
    },
    "val": {
        "loss": [
            4.03913751244545,
            6.855659529566765,
            4.672426883131266,
            3.160858303308487,
            3.6672674864530563,
            3.456789940595627,
            3.992922656238079,
            7.115468680858612,
            10.09211014281027,
            3.217536449432373
        ],
        "prec": [
            0.711864406779661,
            0.8333333333333334,
            0.9666666666666667,
            0.7777777777777778,
            0.7678571428571429,
            0.8367346938775511,
            0.7868852459016393,
            0.8125,
            0.6710526315789473,
            0.7368421052631579
        ],
        "rec": [
            0.8235294117647058,
            0.19607843137254902,
            0.5686274509803921,
            0.6862745098039216,
            0.8431372549019608,
            0.803921568627451,
            0.9411764705882353,
            0.5098039215686274,
            1.0,
            0.8235294117647058
        ],
        "f1": [
            0.7636363636363637,
            0.31746031746031744,
            0.7160493827160493,
            0.7291666666666666,
            0.8037383177570093,
            0.82,
            0.8571428571428571,
            0.6265060240963856,
            0.8031496062992126,
            0.7777777777777778
        ]
    },
    "time": 168.7761471271515
}