{
    "train": {
        "loss": [
            21.468955397605896,
            13.332118317484856,
            12.726946294307709,
            9.850875124335289,
            7.706996090710163,
            8.220627389848232,
            5.994112826883793,
            5.646845556795597,
            6.497261717915535,
            5.96921494230628
        ],
        "prec": [
            0.7361963190184049,
            0.8206686930091185,
            0.827485380116959,
            0.8892307692307693,
            0.9119496855345912,
            0.9153094462540716,
            0.9247648902821317,
            0.9356913183279743,
            0.9301587301587302,
            0.9287925696594427
        ],
        "rec": [
            0.7717041800643086,
            0.8681672025723473,
            0.909967845659164,
            0.9292604501607717,
            0.932475884244373,
            0.9035369774919614,
            0.9485530546623794,
            0.9356913183279743,
            0.9421221864951769,
            0.9646302250803859
        ],
        "f1": [
            0.7535321821036107,
            0.84375,
            0.8667687595712098,
            0.9088050314465409,
            0.9220985691573926,
            0.9093851132686084,
            0.9365079365079365,
            0.9356913183279743,
            0.9361022364217252,
            0.9463722397476341
        ]
    },
    "val": {
        "loss": [
            5.080433130264282,
            3.6465174928307533,
            3.705036535859108,
            2.506962090730667,
            6.839351788163185,
            3.8933503329753876,
            3.412199541926384,
            3.2748508900403976,
            3.5513152480125427,
            3.5156340450048447
        ],
        "prec": [
            0.7049180327868853,
            0.7341772151898734,
            0.9130434782608695,
            0.8260869565217391,
            1.0,
            0.8088235294117647,
            0.9259259259259259,
            0.7794117647058824,
            0.7948717948717948,
            0.8620689655172413
        ],
        "rec": [
            0.6615384615384615,
            0.8923076923076924,
            0.6461538461538462,
            0.8769230769230769,
            0.3384615384615385,
            0.8461538461538461,
            0.7692307692307693,
            0.8153846153846154,
            0.9538461538461539,
            0.7692307692307693
        ],
        "f1": [
            0.6825396825396826,
            0.8055555555555556,
            0.7567567567567568,
            0.8507462686567164,
            0.5057471264367817,
            0.8270676691729323,
            0.8403361344537815,
            0.7969924812030075,
            0.8671328671328671,
            0.8130081300813008
        ]
    },
    "time": 218.67778825759888
}