{
    "Fold 1": {
        "precision": 0.6237623762376238,
        "recall": 0.9130434782608695,
        "f1": 0.7411764705882353
    },
    "Fold 2": {
        "precision": 0.6911764705882353,
        "recall": 0.6811594202898551,
        "f1": 0.6861313868613139
    },
    "Fold 3": {
        "precision": 0.5,
        "recall": 0.029411764705882353,
        "f1": 0.05555555555555555
    },
    "Fold 4": {
        "precision": 0,
        "recall": 0.0,
        "f1": 0.0
    },
    "Fold 5": {
        "precision": 0.6666666666666666,
        "recall": 0.17647058823529413,
        "f1": 0.27906976744186046
    }
}