{
    "Fold 1": {
        "precision": 0.6276595744680851,
        "recall": 0.855072463768116,
        "f1": 0.7239263803680982
    },
    "Fold 2": {
        "precision": 0.6590909090909091,
        "recall": 0.8405797101449275,
        "f1": 0.7388535031847133
    },
    "Fold 3": {
        "precision": 0.4666666666666667,
        "recall": 0.10294117647058823,
        "f1": 0.1686746987951807
    },
    "Fold 4": {
        "precision": 1.0,
        "recall": 0.014705882352941176,
        "f1": 0.028985507246376812
    },
    "Fold 5": {
        "precision": 0.6547619047619048,
        "recall": 0.8088235294117647,
        "f1": 0.7236842105263158
    }
}