{
    "gen_resnet": {
        "train": {
            "loss": [
                15.982917219400406,
                14.813239455223083,
                13.731691896915436,
                13.215346157550812,
                12.389736115932465,
                12.231875389814377,
                11.878779590129852,
                11.552391141653061,
                11.327385991811752,
                11.731331050395966
            ],
            "prec": [
                0.6492753623188405,
                0.6737160120845922,
                0.7111111111111111,
                0.759581881533101,
                0.7491525423728813,
                0.757679180887372,
                0.8104089219330854,
                0.7750865051903114,
                0.7963636363636364,
                0.7753623188405797
            ],
            "rec": [
                0.9372384937238494,
                0.9330543933054394,
                0.9372384937238494,
                0.9121338912133892,
                0.9246861924686193,
                0.9288702928870293,
                0.9121338912133892,
                0.9372384937238494,
                0.9163179916317992,
                0.895397489539749
            ],
            "f1": [
                0.7671232876712328,
                0.7824561403508772,
                0.8086642599277978,
                0.8288973384030418,
                0.8277153558052435,
                0.8345864661654135,
                0.8582677165354331,
                0.8484848484848485,
                0.8521400778210116,
                0.8310679611650486
            ]
        },
        "val": {
            "loss": [
                3.438085436820984,
                3.3717018365859985,
                3.408391296863556,
                3.0214343667030334,
                2.797347903251648,
                2.786982834339142,
                2.7804954946041107,
                2.788775771856308,
                2.7745710909366608,
                2.800505608320236
            ],
            "prec": [
                0.6666666666666666,
                0.6923076923076923,
                0.725,
                0.7358490566037735,
                0.7586206896551724,
                0.7258064516129032,
                0.71875,
                0.803921568627451,
                0.82,
                0.8163265306122449
            ],
            "rec": [
                0.5882352941176471,
                0.5294117647058824,
                0.5686274509803921,
                0.7647058823529411,
                0.8627450980392157,
                0.8823529411764706,
                0.9019607843137255,
                0.803921568627451,
                0.803921568627451,
                0.7843137254901961
            ],
            "f1": [
                0.625,
                0.6,
                0.6373626373626373,
                0.75,
                0.8073394495412844,
                0.7964601769911505,
                0.8,
                0.803921568627451,
                0.8118811881188119,
                0.8
            ]
        },
        "time": 100.98180937767029
    }
}